contractSymbol,lastTradeDate,strike,lastPrice,bid,ask,change,percentChange,volume,openInterest,impliedVolatility,inTheMoney,contractSize,currency
SPY260407C00500000,2026-04-06 18:42:52+00:00,500.0,157.91,155.26,158.05,0.0,0.0,,2,3.059572663574219,True,REGULAR,USD
SPY260407C00555000,2026-04-07 17:10:17+00:00,555.0,101.47,100.35,102.94,-1.0100021,-0.98556024,124.0,101,2.0517626831054683,True,REGULAR,USD
SPY260407C00560000,2026-04-02 14:51:02+00:00,560.0,93.89,95.32,97.94,0.0,0.0,1.0,1,1.9584963012695313,True,REGULAR,USD
SPY260407C00565000,2026-03-31 16:38:23+00:00,565.0,78.99,90.38,92.91,0.0,0.0,,1,1.8735357885742188,True,REGULAR,USD
SPY260407C00585000,2026-03-30 16:18:32+00:00,585.0,53.06,70.27,72.91,0.0,0.0,17.0,1,1.5065942639160155,True,REGULAR,USD
SPY260407C00590000,2026-04-07 17:16:08+00:00,590.0,66.37,66.71,66.82,3.0300026,4.783711,11.0,3,1.4536160131835936,True,REGULAR,USD
SPY260407C00595000,2026-04-07 17:00:33+00:00,595.0,61.75,61.67,61.78,22.75,58.333332,10.0,17,1.3559602514648437,True,REGULAR,USD
SPY260407C00600000,2026-04-07 17:15:51+00:00,600.0,56.33,56.63,56.73,-1.8599968,-3.19642,10.0,40,1.2573279321289061,True,REGULAR,USD
SPY260407C00601000,2026-04-07 17:15:51+00:00,601.0,55.39,55.63,55.74,-1.0100021,-1.7907839,208.0,206,1.2402381738281247,True,REGULAR,USD
SPY260407C00602000,2026-04-07 17:20:56+00:00,602.0,53.59,54.74,54.83,6.5699997,13.972777,77.0,1,1.2402381738281247,True,REGULAR,USD
SPY260407C00604000,2026-04-07 17:19:57+00:00,604.0,52.01,52.8,52.89,17.39,50.231083,151.0,2,1.2138711181640622,True,REGULAR,USD
SPY260407C00605000,2026-04-07 17:19:57+00:00,605.0,51.07,51.68,51.78,2.1899986,4.480357,154.0,1,1.1757853710937498,True,REGULAR,USD
SPY260407C00606000,2026-04-07 17:47:35+00:00,606.0,50.58,50.8,50.91,16.720001,49.379803,57.0,2,1.1789591833496091,True,REGULAR,USD
SPY260407C00607000,2026-04-07 17:47:35+00:00,607.0,49.64,49.71,49.82,1.9899979,4.176281,77.0,4,1.1452679455566406,True,REGULAR,USD
SPY260407C00608000,2026-04-07 17:46:01+00:00,608.0,48.43,48.63,48.74,1.8199997,3.9047408,68.0,5,1.11328568359375,True,REGULAR,USD
SPY260407C00609000,2026-04-07 17:46:01+00:00,609.0,47.49,47.62,47.71,-1.5999985,-3.2593164,71.0,5,1.091801416015625,True,REGULAR,USD
SPY260407C00610000,2026-04-07 17:48:44+00:00,610.0,46.51,46.63,46.74,-1.6200027,-3.3658898,76.0,65,1.0769089123535158,True,REGULAR,USD
SPY260407C00611000,2026-04-07 17:48:44+00:00,611.0,45.57,45.71,45.82,-0.22000122,-0.48045692,73.0,5,1.0717819848632817,True,REGULAR,USD
SPY260407C00612000,2026-04-07 17:54:01+00:00,612.0,45.14,44.63,44.74,21.849998,93.81708,73.0,2,1.0402880017089848,True,REGULAR,USD
SPY260407C00613000,2026-04-07 17:54:01+00:00,613.0,44.2,43.8,43.91,7.34,19.913185,66.0,203,1.049077020263672,True,REGULAR,USD
SPY260407C00614000,2026-04-07 17:57:32+00:00,614.0,42.67,42.65,42.76,-1.0,-2.2899017,37.0,5,1.0068409033203123,True,REGULAR,USD
SPY260407C00615000,2026-04-07 17:57:32+00:00,615.0,41.73,41.79,41.9,3.0600014,7.9131145,257.0,1,1.0100147155761716,True,REGULAR,USD
SPY260407C00616000,2026-04-07 17:35:38+00:00,616.0,41.57,40.7,40.81,2.5600014,6.562423,234.0,6,0.9775392871093751,True,REGULAR,USD
SPY260407C00617000,2026-04-07 14:43:50+00:00,617.0,36.78,39.64,39.76,-1.5800018,-4.1188784,258.0,1,0.9504399487304687,True,REGULAR,USD
SPY260407C00618000,2026-04-07 15:09:30+00:00,618.0,33.39,38.63,38.74,8.74,35.45639,259.0,1,0.929688203125,True,REGULAR,USD
SPY260407C00620000,2026-04-07 17:57:23+00:00,620.0,36.58,36.65,36.74,-1.9299965,-5.0116763,56.0,140,0.8937998901367187,True,REGULAR,USD
SPY260407C00621000,2026-04-07 15:34:21+00:00,621.0,32.51,35.73,35.83,-4.670002,-12.560521,8.0,52,0.8874522973632811,True,REGULAR,USD
SPY260407C00622000,2026-04-07 14:35:22+00:00,622.0,32.47,34.73,34.84,-2.8400002,-8.043047,15.0,525,0.86914193359375,True,REGULAR,USD
SPY260407C00623000,2026-04-01 18:04:14+00:00,623.0,34.14,33.61,33.71,0.0,0.0,,8,0.8322770678710936,True,REGULAR,USD
SPY260407C00624000,2026-04-07 14:58:42+00:00,624.0,29.0,32.75,32.84,4.4400005,18.078178,7.0,27,0.8322770678710936,True,REGULAR,USD
SPY260407C00625000,2026-04-07 15:11:51+00:00,625.0,27.47,31.79,31.9,-5.7300014,-17.259039,25.0,32,0.8198260205078124,True,REGULAR,USD
SPY260407C00626000,2026-04-07 15:15:52+00:00,626.0,26.56,30.72,30.82,-5.42,-16.948093,27.0,5,0.7905294384765625,True,REGULAR,USD
SPY260407C00627000,2026-04-07 17:13:31+00:00,627.0,29.35,29.64,29.74,-0.8999996,-2.9752054,11.0,24,0.7602563037109377,True,REGULAR,USD
SPY260407C00628000,2026-04-07 16:36:57+00:00,628.0,27.99,28.72,28.81,-2.630001,-8.589161,18.0,46,0.7509790527343749,True,REGULAR,USD
SPY260407C00629000,2026-04-07 16:21:43+00:00,629.0,26.29,27.64,27.74,-2.7399998,-9.438511,184.0,169,0.7216824707031251,True,REGULAR,USD
SPY260407C00630000,2026-04-07 16:37:06+00:00,630.0,25.93,26.73,26.84,-2.7399998,-9.557027,208.0,386,0.7143583251953125,True,REGULAR,USD
SPY260407C00631000,2026-04-07 17:29:05+00:00,631.0,24.68,25.64,25.74,-2.92,-10.57971,16.0,248,0.6826203613281252,True,REGULAR,USD
SPY260407C00632000,2026-04-07 15:10:31+00:00,632.0,19.93,24.56,24.93,-6.2299995,-23.814983,9.0,128,0.6699251757812501,True,REGULAR,USD
SPY260407C00633000,2026-04-07 16:34:53+00:00,633.0,23.17,23.56,23.91,-2.4300003,-9.492188,63.0,142,0.6486851538085938,True,REGULAR,USD
SPY260407C00634000,2026-04-07 16:49:36+00:00,634.0,22.46,22.64,22.91,-2.2300014,-9.032002,36.0,544,0.6335485864257813,True,REGULAR,USD
SPY260407C00635000,2026-04-07 17:40:12+00:00,635.0,22.23,21.61,21.92,-1.7000008,-7.1040564,28.0,626,0.6120644262695314,True,REGULAR,USD
SPY260407C00636000,2026-04-07 17:44:21+00:00,636.0,20.79,20.59,20.88,-1.7799988,-7.88657,66.0,310,0.5883830224609375,True,REGULAR,USD
SPY260407C00637000,2026-04-07 17:39:24+00:00,637.0,20.46,19.75,19.9,-0.9200001,-4.3030877,30.0,431,0.57812921875,True,REGULAR,USD
SPY260407C00638000,2026-04-07 15:55:12+00:00,638.0,16.0,18.57,18.87,-4.6100006,-22.367785,41.0,219,0.5456588403320313,True,REGULAR,USD
SPY260407C00639000,2026-04-07 18:14:39+00:00,639.0,17.58,17.57,17.74,-2.0200005,-10.306125,194.0,400,0.51758294921875,True,REGULAR,USD
SPY260407C00640000,2026-04-07 18:19:50+00:00,640.0,16.82,16.58,16.82,-2.1900005,-11.61188,388.0,1029,0.5017139672851563,True,REGULAR,USD
SPY260407C00641000,2026-04-07 18:05:39+00:00,641.0,16.07,15.58,15.88,-1.9200001,-10.672596,46.0,484,0.49927258544921876,True,REGULAR,USD
SPY260407C00642000,2026-04-07 17:00:32+00:00,642.0,14.75,14.58,14.89,-2.0200005,-12.045321,297.0,882,0.47852083984375,True,REGULAR,USD
SPY260407C00643000,2026-04-07 17:35:10+00:00,643.0,14.0,13.58,13.9,-1.6000004,-10.256412,1423.0,460,0.45740288696289066,True,REGULAR,USD
SPY260407C00644000,2026-04-07 17:57:29+00:00,644.0,12.69,12.62,12.74,-2.3000002,-15.343564,3216.0,1044,0.4193173303222656,True,REGULAR,USD
SPY260407C00645000,2026-04-07 18:18:42+00:00,645.0,11.56,11.59,11.95,-2.5899992,-18.30388,6841.0,903,0.41687594848632803,True,REGULAR,USD
SPY260407C00646000,2026-04-07 18:19:01+00:00,646.0,10.82,10.65,10.94,-2.0300007,-15.797669,7080.0,708,0.39258419921875,True,REGULAR,USD
SPY260407C00647000,2026-04-07 18:18:56+00:00,647.0,9.7,9.6,9.9,-2.54,-20.751635,8221.0,823,0.36524072265625,True,REGULAR,USD
SPY260407C00648000,2026-04-07 18:09:43+00:00,648.0,8.46,8.59,8.96,-2.4799995,-22.669102,8796.0,456,0.3464420825195312,True,REGULAR,USD
SPY260407C00649000,2026-04-07 18:15:41+00:00,649.0,7.5,7.6,7.93,-2.5100002,-25.074928,9173.0,1204,0.3188544677734374,True,REGULAR,USD
SPY260407C00650000,2026-04-07 18:15:41+00:00,650.0,6.5,6.61,6.89,-2.79,-30.032293,17271.0,1762,0.28992409301757804,True,REGULAR,USD
SPY260407C00651000,2026-04-07 18:19:04+00:00,651.0,5.87,5.65,5.86,-2.5299997,-30.119045,29957.0,966,0.2611157873535156,True,REGULAR,USD
SPY260407C00652000,2026-04-07 18:19:01+00:00,652.0,4.85,4.8,4.92,-2.58,-34.72409,72989.0,794,0.23828886718749998,True,REGULAR,USD
SPY260407C00653000,2026-04-07 18:19:22+00:00,653.0,3.83,3.93,3.97,-2.77,-41.969696,137688.0,1455,0.21289849609375,True,REGULAR,USD
SPY260407C00654000,2026-04-07 18:19:43+00:00,654.0,3.07,3.05,3.08,-2.7700002,-48.511387,165341.0,1382,0.18970536865234378,True,REGULAR,USD
SPY260407C00655000,2026-04-07 18:20:08+00:00,655.0,2.3,2.29,2.3,-2.7500002,-54.45545,249267.0,3689,0.1710287976074219,False,REGULAR,USD
SPY260407C00656000,2026-04-07 18:20:08+00:00,656.0,1.58,1.57,1.58,-2.8400002,-64.84018,261916.0,4881,0.15161981201171876,False,REGULAR,USD
SPY260407C00657000,2026-04-07 18:20:08+00:00,657.0,1.02,1.01,1.02,-2.65,-72.207085,256283.0,5232,0.13721565917968753,False,REGULAR,USD
SPY260407C00658000,2026-04-07 18:20:08+00:00,658.0,0.61,0.6,0.61,-2.44,-79.99999,255777.0,10092,0.12622944091796873,False,REGULAR,USD
SPY260407C00659000,2026-04-07 18:20:08+00:00,659.0,0.36,0.35,0.36,-2.1399999,-85.59999,139241.0,3772,0.1211025390625,False,REGULAR,USD
SPY260407C00660000,2026-04-07 18:19:56+00:00,660.0,0.21,0.2,0.21,-1.8,-90.0,200163.0,13872,0.1186611572265625,False,REGULAR,USD
SPY260407C00661000,2026-04-07 18:19:25+00:00,661.0,0.13,0.13,0.14,-1.45,-91.77215,60790.0,3361,0.12207909179687501,False,REGULAR,USD
SPY260407C00662000,2026-04-07 18:19:53+00:00,662.0,0.1,0.09,0.1,-1.1,-92.43697,64895.0,5999,0.1274501318359375,False,REGULAR,USD
SPY260407C00663000,2026-04-07 18:19:27+00:00,663.0,0.07,0.07,0.08,-0.84000003,-91.304344,57489.0,10482,0.13575083007812502,False,REGULAR,USD
SPY260407C00664000,2026-04-07 18:19:55+00:00,664.0,0.06,0.06,0.07,-0.6,-90.909096,39242.0,4902,0.145516357421875,False,REGULAR,USD
SPY260407C00665000,2026-04-07 18:18:11+00:00,665.0,0.06,0.05,0.06,-0.41,-89.13043,66561.0,20777,0.15430533203125002,False,REGULAR,USD
SPY260407C00666000,2026-04-07 18:18:07+00:00,666.0,0.04,0.04,0.05,-0.3,-88.2353,24532.0,5983,0.16211775390625,False,REGULAR,USD
SPY260407C00667000,2026-04-07 18:15:16+00:00,667.0,0.04,0.04,0.05,-0.19,-79.16667,27616.0,11442,0.17383638671875,False,REGULAR,USD
SPY260407C00668000,2026-04-07 18:17:01+00:00,668.0,0.04,0.03,0.04,-0.13,-76.4706,15766.0,5614,0.179695703125,False,REGULAR,USD
SPY260407C00669000,2026-04-07 18:17:06+00:00,669.0,0.03,0.02,0.03,-0.089999996,-75.0,8921.0,3513,0.18360191406249998,False,REGULAR,USD
SPY260407C00670000,2026-04-07 18:19:20+00:00,670.0,0.02,0.02,0.03,-0.07000001,-77.77779,17428.0,10764,0.195320546875,False,REGULAR,USD
SPY260407C00671000,2026-04-07 18:05:57+00:00,671.0,0.02,0.02,0.03,-0.05,-71.42857,8186.0,7448,0.20508607421874997,False,REGULAR,USD
SPY260407C00672000,2026-04-07 18:15:08+00:00,672.0,0.02,0.01,0.02,-0.030000001,-75.0,4146.0,2128,0.20508607421874997,False,REGULAR,USD
SPY260407C00673000,2026-04-07 17:50:49+00:00,673.0,0.01,0.01,0.02,-0.02,-66.66667,5092.0,2834,0.2148516015625,False,REGULAR,USD
SPY260407C00674000,2026-04-07 18:11:05+00:00,674.0,0.01,0.01,0.02,-0.02,-66.66667,2353.0,3310,0.22657023437499998,False,REGULAR,USD
SPY260407C00675000,2026-04-07 18:12:04+00:00,675.0,0.01,0.01,0.02,-0.02,-66.66667,2617.0,7399,0.23633576171874998,False,REGULAR,USD
SPY260407C00676000,2026-04-07 18:10:33+00:00,676.0,0.01,0.01,0.02,-0.01,-50.0,1102.0,4276,0.2461012890625,False,REGULAR,USD
SPY260407C00677000,2026-04-07 18:17:09+00:00,677.0,0.01,0.0,0.01,-0.01,-50.0,4663.0,1975,0.23828886718749998,False,REGULAR,USD
SPY260407C00678000,2026-04-07 18:05:02+00:00,678.0,0.01,0.0,0.01,0.0,0.0,3745.0,3008,0.2461012890625,False,REGULAR,USD
SPY260407C00679000,2026-04-07 17:00:31+00:00,679.0,0.01,0.0,0.01,0.0,0.0,1664.0,2189,0.257819921875,False,REGULAR,USD
SPY260407C00680000,2026-04-07 17:36:45+00:00,680.0,0.01,0.0,0.01,0.0,0.0,1438.0,2682,0.26563234375,False,REGULAR,USD
SPY260407C00681000,2026-04-07 16:31:08+00:00,681.0,0.01,0.0,0.01,0.0,0.0,374.0,985,0.273444765625,False,REGULAR,USD
SPY260407C00682000,2026-04-07 16:04:53+00:00,682.0,0.01,0.0,0.01,0.0,0.0,209.0,1495,0.28516339843749994,False,REGULAR,USD
SPY260407C00683000,2026-04-07 16:18:05+00:00,683.0,0.01,0.0,0.01,0.0,0.0,236.0,1532,0.29688203124999996,False,REGULAR,USD
SPY260407C00684000,2026-04-07 14:52:34+00:00,684.0,0.01,0.0,0.01,0.0,0.0,6.0,799,0.304694453125,False,REGULAR,USD
SPY260407C00685000,2026-04-07 16:03:29+00:00,685.0,0.02,0.0,0.01,0.01,100.0,21.0,1001,0.31250687499999996,False,REGULAR,USD
SPY260407C00686000,2026-04-07 14:17:41+00:00,686.0,0.01,0.0,0.01,0.0,0.0,18.0,755,0.32031929687499994,False,REGULAR,USD
SPY260407C00687000,2026-04-06 17:05:48+00:00,687.0,0.01,0.0,0.01,0.0,0.0,79.0,1836,0.32813171874999997,False,REGULAR,USD
SPY260407C00688000,2026-04-06 13:35:15+00:00,688.0,0.01,0.0,0.01,0.0,0.0,20.0,266,0.3398503515625,False,REGULAR,USD
SPY260407C00689000,2026-04-07 14:08:06+00:00,689.0,0.01,0.0,0.01,0.0,0.0,1.0,3324,0.35156898437499995,False,REGULAR,USD
SPY260407C00690000,2026-04-07 15:23:59+00:00,690.0,0.01,0.0,0.01,0.0,0.0,82.0,1713,0.35938140625,False,REGULAR,USD
SPY260407C00691000,2026-04-06 14:43:20+00:00,691.0,0.01,0.0,0.01,0.0,0.0,2732.0,2948,0.367193828125,False,REGULAR,USD
SPY260407C00692000,2026-04-06 17:11:18+00:00,692.0,0.01,0.0,0.01,0.0,0.0,1581.0,1793,0.37500625,False,REGULAR,USD
SPY260407C00693000,2026-04-06 14:09:53+00:00,693.0,0.01,0.0,0.01,0.0,0.0,10.0,176,0.38281867187499996,False,REGULAR,USD
SPY260407C00694000,2026-04-06 19:06:22+00:00,694.0,0.01,0.0,0.01,0.0,0.0,23.0,192,0.39063109375,False,REGULAR,USD
SPY260407C00695000,2026-04-06 19:06:22+00:00,695.0,0.01,0.0,0.01,0.0,0.0,22.0,306,0.398443515625,False,REGULAR,USD
SPY260407C00696000,2026-04-01 20:08:44+00:00,696.0,0.01,0.0,0.01,0.0,0.0,172.0,329,0.414068359375,False,REGULAR,USD
SPY260407C00697000,2026-04-01 19:36:44+00:00,697.0,0.02,0.0,0.01,0.0,0.0,12.0,1691,0.42188078125,False,REGULAR,USD
SPY260407C00698000,2026-04-01 19:37:26+00:00,698.0,0.01,0.0,0.01,0.0,0.0,882.0,578,0.42969320312500003,False,REGULAR,USD
SPY260407C00699000,2026-04-02 17:35:14+00:00,699.0,0.01,0.0,0.01,0.0,0.0,26.0,42,0.437505625,False,REGULAR,USD
SPY260407C00700000,2026-04-07 16:04:56+00:00,700.0,0.01,0.0,0.01,0.0,0.0,1.0,381,0.445318046875,False,REGULAR,USD
SPY260407C00705000,2026-03-31 19:41:55+00:00,705.0,0.01,0.0,0.01,0.0,0.0,59.0,61,0.48438015625,False,REGULAR,USD
SPY260407C00710000,2026-04-01 16:47:37+00:00,710.0,0.01,0.0,0.01,0.0,0.0,38.0,127,0.500005,False,REGULAR,USD
SPY260407C00715000,2026-04-07 17:20:51+00:00,715.0,0.01,0.0,0.01,0.0,0.0,4.0,91,0.5312546875,False,REGULAR,USD
SPY260407C00720000,2026-04-01 17:16:20+00:00,720.0,0.01,0.0,0.01,0.0,0.0,2.0,843,0.57812921875,False,REGULAR,USD
SPY260407C00725000,2026-03-31 17:36:30+00:00,725.0,0.01,0.0,0.01,0.0,0.0,2.0,65,0.6250037500000001,False,REGULAR,USD
SPY260407C00730000,2026-03-31 17:34:51+00:00,730.0,0.01,0.0,0.01,0.0,0.0,1.0,25,0.6562534375000001,False,REGULAR,USD
SPY260407C00735000,2026-03-31 14:10:12+00:00,735.0,0.01,0.0,0.01,0.0,0.0,20.0,173,0.6875031250000001,False,REGULAR,USD
SPY260407C00750000,2026-04-06 13:33:32+00:00,750.0,0.01,,0.01,0.0,0.0,,2,0.8437515624999999,False,REGULAR,USD
SPY260407C00755000,2026-04-06 15:32:02+00:00,755.0,0.01,,0.01,0.0,0.0,,1,0.8906260937499999,False,REGULAR,USD
SPY260407C00760000,2026-04-06 14:12:29+00:00,760.0,0.01,0.0,0.01,0.0,0.0,100.0,351,0.87500125,False,REGULAR,USD
SPY260407C00765000,2026-03-25 19:48:20+00:00,765.0,0.01,0.0,0.01,0.0,0.0,,1105,0.9062509375,False,REGULAR,USD
SPY260407C00770000,2026-03-27 14:36:16+00:00,770.0,0.01,0.0,0.01,0.0,0.0,294.0,294,0.937500625,False,REGULAR,USD
SPY260407C00775000,2026-03-27 14:33:44+00:00,775.0,0.01,0.0,0.01,0.0,0.0,1308.0,2329,0.9687503125,False,REGULAR,USD
SPY260407C00780000,2026-03-26 19:14:16+00:00,780.0,0.01,0.0,0.01,0.0,0.0,,339,1.000005,False,REGULAR,USD
SPY260407C00785000,2026-03-26 18:21:45+00:00,785.0,0.01,0.0,0.01,0.0,0.0,,876,1.0625046875000002,False,REGULAR,USD
SPY260407C00790000,2026-03-26 15:05:20+00:00,790.0,0.01,0.0,0.01,0.0,0.0,,1002,1.09375453125,False,REGULAR,USD
SPY260407C00950000,2026-04-07 15:20:21+00:00,950.0,0.01,,0.01,0.0,0.0,2.0,2,2.1250046874999997,False,REGULAR,USD
